"document_id","path","filename","extension","title","document_type","domain","module","scope","version","status","created_at","updated_at","author_if_known","source","canonical","duplicate_of","supersedes","superseded_by","related_documents","related_code","related_entities","technical_corpus_reference","notes","word_count","line_count","size","heading_count","link_count","code_block_count","last_git_change","content_sha256"
"SYS-001","docs/05-planning/ASTRA-010-secure-source-reader.md","ASTRA-010-secure-source-reader.md",".md","ASTRA-010 — Lector seguro de fuentes por revisión documental","narrative-document","development","repository","system","sin-version-explicita","parcialmente-vigente","","","","working-tree-new","no","","","","","","","no","","1028","117","7475","12","0","1","","20bb6f183e629e85c6b3ba48dff1f31aa3da5625fc79b3044d13e2de487e1ccc"
"SYS-002","docs/07-evidence/releases/2026-09-16/09-main-integration-and-staging.md","09-main-integration-and-staging.md",".md","Integración de ASTRA-DOC-001 y consolidación documental","verification-record","quality","verification","system","sin-version-explicita","historico","","","","working-tree-new","no","","","","","","","no","Conservar como evidencia histórica; no usar como contrato vigente.","246","42","2157","5","4","0","","89c488f3a07e3e19ea6cbe1ec509a6db0e2a0557793aeb3f62233e685c6766be"
"SYS-003",".agents/skills/astra-technical-sources/SKILL.md","SKILL.md",".md","ASTRA technical sources","narrative-document","development","repository","system","sin-version-explicita","vigente","2026-09-06T23:13:39-03:00","2026-09-06T23:13:39-03:00","Leandro @Thinkpad","git-tracked","no","","","","","","","no","","178","15","1292","1","0","0","f0f90b304972f6d123c68c381e2d2508aa378458","307f21ebdb20ea4c52b0957594b10a808bae30fa3fe9371d8c81ef2cc995c4da"
"SYS-004",".codex/environments/environment.toml","environment.toml",".toml","environment","configuration","development","repository","system","sin-version-explicita","vigente","2026-09-06T23:13:39-03:00","2026-09-06T23:13:39-03:00","Leandro @Thinkpad","git-tracked","no","","","","","","","no","","43","13","375","0","0","0","f0f90b304972f6d123c68c381e2d2508aa378458","150074943e72ffb1b6465d951d4302f77ef5c19a3ade5b9f488182b1ece95b2e"
"SYS-005",".github/ISSUE_TEMPLATE/agent-task.md","agent-task.md",".md","agent-task","governance","development","coordination","system","sin-version-explicita","vigente","2026-09-08T21:29:02-03:00","2026-09-08T21:29:02-03:00","Leandro Guevara","git-tracked","no","","","","","","","no","","74","38","552","10","0","0","dbfd60f1405b8b69d3ef123b2620b8f754c42f45","9aec4e67cacc344e6c96e1a8168d05664cb3d6a3597fc895fe2dbc5db36c6ac5"
"SYS-006",".github/PULL_REQUEST_TEMPLATE.md","PULL_REQUEST_TEMPLATE.md",".md","PULL_REQUEST_TEMPLATE","governance","development","coordination","system","sin-version-explicita","vigente","2026-09-06T23:13:39-03:00","2026-09-06T23:13:39-03:00","Leandro @Thinkpad","git-tracked","no","","","","","","","no","","34","12","314","4","0","0","f0f90b304972f6d123c68c381e2d2508aa378458","a00c2d8834851f1e21aeef13c2c0807a59df9e5a84fd674eaa52e9e954dacfb9"
"SYS-007",".github/copilot-instructions.md","copilot-instructions.md",".md","ASTRA Maintenance — GitHub Copilot instructions","governance","development","coordination","system","sin-version-explicita","vigente","2026-09-08T21:28:55-03:00","2026-09-08T21:28:55-03:00","Leandro Guevara","git-tracked","no","","","","","","","no","","230","25","1589","1","0","0","a5339991d469ecb146a3c573ddd172b79d433008","e666cc2907d3c789ef78d042cf19772f0104e635ec02a2c07a2c0718b91bf1bd"
"SYS-008",".github/instructions/backend.instructions.md","backend.instructions.md",".md","Backend ownership","governance","development","coordination","system","sin-version-explicita","vigente","2026-09-08T21:29:10-03:00","2026-09-08T21:29:10-03:00","Leandro Guevara","git-tracked","no","","","","","","","no","","106","15","758","1","0","0","01e64de22aae12aa57365aaca1ef9656ffcf73fd","e46aec0c485a440283c91376706faf29da3d3735cdb0ef5fae5d9c20beb77cf5"
"SYS-009",".github/instructions/database.instructions.md","database.instructions.md",".md","Database ownership","governance","development","coordination","system","sin-version-explicita","vigente","2026-09-08T21:29:25-03:00","2026-09-08T21:29:25-03:00","Leandro Guevara","git-tracked","no","","","","","","","no","","98","15","725","1","0","0","8bbf50e0212de77e8fbb0177a491f2d560dd3b59","0664fccc73ac93f1568f9134d6f3b5aa0499889ca663047e3f85fbb6f091ba22"
"SYS-010",".github/instructions/docs.instructions.md","docs.instructions.md",".md","Documentation and coordination ownership","governance","development","coordination","system","sin-version-explicita","vigente","2026-09-08T21:29:35-03:00","2026-09-08T21:29:35-03:00","Leandro Guevara","git-tracked","no","","","","","","","no","","104","13","732","1","0","0","8c83905a0066262ce8ca033b23d99c4d404c9e95","c1944667c1519b51455f7a465d7fcc70e9e3a499dd40ad6a5cd5162fafbc9165"
"SYS-011",".github/instructions/frontend.instructions.md","frontend.instructions.md",".md","Frontend ownership","governance","development","coordination","system","sin-version-explicita","vigente","2026-09-08T21:29:19-03:00","2026-09-08T21:29:19-03:00","Leandro Guevara","git-tracked","no","","","","","","","no","","98","14","695","1","0","0","9961d0b41c8c0e3343882a8fa336b31c50e03aa3","34278764933925513247186f83c82c987a29dd45505b10c55a2375bf792e56c9"
"SYS-012",".github/workflows/verify.yml","verify.yml",".yml","verify","automation","development","ci","system","sin-version-explicita","vigente","2026-09-06T23:13:39-03:00","2026-09-06T23:13:39-03:00","Leandro @Thinkpad","git-tracked","no","","","","","","","no","","183","61","2071","0","1","0","f0f90b304972f6d123c68c381e2d2508aa378458","ea6dfc84f934d5ccf34f86403480ee2120ca11831249f4be41ab6df23e8f72f4"
"SYS-013","AGENTS.md","AGENTS.md",".md","ASTRA engineering contract","narrative-document","development","repository","system","sin-version-explicita","vigente","2026-09-06T22:30:02-03:00","2026-09-08T21:37:03-03:00","Leandro Guevara","git-tracked","yes","","","","","","","no","","201","14","1427","1","0","0","a9148332f538401557990b12d971719dab26415d","5ac0b1b1f6d9cb36ffd96ce95a8114734a6331fdc7cead2218f4b616a76a9535"
"SYS-014","README.md","README.md",".md","ASTRA Maintenance","readme","overview","onboarding","system","sin-version-explicita","vigente","2026-09-06T22:30:02-03:00","2026-09-16T16:41:11-03:00","Leandro @Thinkpad","git-tracked","yes","","","","","","","no","","213","26","1641","4","5","1","425c7f283adb0eb28b92dc88c95332f746eeba4e","81521e777d0bbd819c4517732c879e3043645ca11a42605f72f7247174af0522"
"SYS-015","apps/api/README.md","README.md",".md","ASTRA API","readme","backend","onboarding","system","sin-version-explicita","vigente","2026-09-06T23:00:29-03:00","2026-09-15T09:54:06-03:00","Leandro @Thinkpad","git-tracked","no","","","","","","","no","","653","40","4747","5","0","0","52b1220fd2d304d097d05673780461db2b014784","1ac3c635aef098c0cd6ee6a426c4a203c82d387af0a60b14e4602e52eb438a0a"
"SYS-016","apps/api/package.json","package.json",".json","package","configuration","development","repository","system","sin-version-explicita","vigente","2026-09-06T23:00:29-03:00","2026-09-09T01:02:09Z","dependabot[bot]","git-tracked","no","","","","","","","no","","97","31","693","0","0","0","692e900c40c9bcb64fdb5959c551e1682af47d31","c0a63e9e941fbc3faf40e237d87157a98e158256e6719f753c7d0e23d6462301"
"SYS-017","apps/api/tsconfig.json","tsconfig.json",".json","tsconfig","configuration","development","repository","system","sin-version-explicita","vigente","2026-09-06T23:00:29-03:00","2026-09-06T23:00:29-03:00","Leandro @Thinkpad","git-tracked","no","","","","","","","no","","18","7","198","0","0","0","d565842af8387fa0068cdc4022ff22a2f1427739","e7060ddfc520201bf035ab5c1861b649454123cd9069ad835f9d8514b155c196"
"SYS-018","apps/web/README.md","README.md",".md","ASTRA · Consola de mantenimiento","readme","frontend","onboarding","system","sin-version-explicita","vigente","2026-09-06T22:52:15-03:00","2026-09-15T09:54:06-03:00","Leandro @Thinkpad","git-tracked","no","","","","","","","no","","450","46","3098","4","1","2","52b1220fd2d304d097d05673780461db2b014784","2f2c113e6a0e256485c04caaeb1247a43d94c300c2c235579c5c041c141ed24a"
"SYS-019","apps/web/package.json","package.json",".json","package","configuration","development","repository","system","sin-version-explicita","vigente","2026-09-06T22:52:15-03:00","2026-09-06T22:52:15-03:00","Leandro @Thinkpad","git-tracked","no","","","","","","","no","","78","26","593","0","0","0","a10fec7f9d8095a13c2313fadbdc3d8d5b74167d","135e3c0a0c5b52cbc1dbdbd7f97c500ebc0a6923324445d1e517cb1552f6bfb0"
"SYS-020","apps/web/tsconfig.json","tsconfig.json",".json","tsconfig","configuration","development","repository","system","sin-version-explicita","vigente","2026-09-06T22:52:15-03:00","2026-09-06T22:52:15-03:00","Leandro @Thinkpad","git-tracked","no","","","","","","","no","","29","14","338","0","0","0","a10fec7f9d8095a13c2313fadbdc3d8d5b74167d","3bdd4fd1ae87760772e9cdaaf9ae0d7ad9cc8802ee312ce06571b4f3fe21290e"
"SYS-021","compose.yaml","compose.yaml",".yaml","compose","operations","operations","deployment","system","sin-version-explicita","vigente","2026-09-06T23:13:39-03:00","2026-09-06T23:27:17-03:00","Leandro @Thinkpad","git-tracked","no","","","","","","","no","","153","62","1643","0","1","0","a75a5a700cfbc04e2f0b46cf56e41d1ce59c9861","e89b65c40f476e7fb63785de5a8ba4ef9ece0e69bbcdeaf7ed4b3d3640af40f8"
"SYS-022","docs/00-overview/documentation-policy.md","documentation-policy.md",".md","Política documental","narrative-document","development","repository","system","sin-version-explicita","vigente","2026-09-16T16:41:11-03:00","2026-09-16T16:41:11-03:00","Leandro @Thinkpad","git-tracked","yes","","","","","","","no","","495","86","3799","9","0","1","425c7f283adb0eb28b92dc88c95332f746eeba4e","30d5222ed953cb9e197c65dbd26cb296f856a31d93edb5509f05b86545b67981"
"SYS-023","docs/01-architecture/adr/README.md","README.md",".md","Índice de decisiones de arquitectura","readme","overview","onboarding","system","sin-version-explicita","vigente","2026-09-16T16:41:11-03:00","2026-09-16T16:41:11-03:00","Leandro @Thinkpad","git-tracked","yes","","","","","","","no","","209","37","1690","3","2","1","425c7f283adb0eb28b92dc88c95332f746eeba4e","f96491b24cde5000668ae1702b2061338793811b5fb5c7de30fa49389aee95e7"
"SYS-024","docs/01-architecture/domain-model.md","domain-model.md",".md","Modelo de dominio vigente","narrative-document","development","repository","system","sin-version-explicita","vigente","2026-09-16T16:41:11-03:00","2026-09-16T16:41:11-03:00","Leandro @Thinkpad","git-tracked","yes","","","","","","","no","","575","90","4899","10","0","1","425c7f283adb0eb28b92dc88c95332f746eeba4e","800497e8364b363aed8fd038f44f7a16d322e70807969741ac847d60e36528cc"
"SYS-025","docs/01-architecture/invariants.md","invariants.md",".md","Invariantes de dominio y persistencia","narrative-document","development","repository","system","sin-version-explicita","vigente","2026-09-16T16:41:11-03:00","2026-09-16T16:41:11-03:00","Leandro @Thinkpad","git-tracked","yes","","","","","","","no","","653","93","4723","9","0","0","425c7f283adb0eb28b92dc88c95332f746eeba4e","9d7ef2894e3ab5f94a0fca03c7f6188cccdb205b79c5671b880193f02acf7f99"
"SYS-026","docs/01-architecture/state-machines.md","state-machines.md",".md","Estados y transiciones","narrative-document","development","repository","system","sin-version-explicita","vigente","2026-09-16T16:41:11-03:00","2026-09-16T16:41:11-03:00","Leandro @Thinkpad","git-tracked","yes","","","","","","","no","","444","86","3332","7","0","3","425c7f283adb0eb28b92dc88c95332f746eeba4e","beda621f57470d6995ad4f6b235302888453a38ef7149b49f54a92c8f4a20328"
"SYS-027","docs/02-domains/technical-information/corpus-policy.md","corpus-policy.md",".md","Política del corpus técnico externo","narrative-document","development","repository","system","sin-version-explicita","vigente","2026-09-16T16:41:11-03:00","2026-09-16T16:41:11-03:00","Leandro @Thinkpad","git-tracked","yes","","","","","","","no","","433","81","3480","8","0","1","425c7f283adb0eb28b92dc88c95332f746eeba4e","105bc80359afa72eca31805f4e6b7fe1544b35c6f82e0f265801001875e62fb5"
"SYS-028","docs/03-interfaces/backend-architecture.md","backend-architecture.md",".md","Arquitectura backend","narrative-document","development","repository","system","sin-version-explicita","vigente","2026-09-16T16:41:11-03:00","2026-09-16T16:41:11-03:00","Leandro @Thinkpad","git-tracked","yes","","","","","","","no","","543","76","4251","8","0","1","425c7f283adb0eb28b92dc88c95332f746eeba4e","9aedf2ec317d1df3173a93a77115c9d2de8210358750d8671d86e41183bbb4b6"
"SYS-029","docs/03-interfaces/frontend-architecture.md","frontend-architecture.md",".md","Arquitectura frontend","narrative-document","development","repository","system","sin-version-explicita","vigente","2026-09-16T16:41:11-03:00","2026-09-16T16:41:11-03:00","Leandro @Thinkpad","git-tracked","yes","","","","","","","no","","531","77","3683","9","0","1","425c7f283adb0eb28b92dc88c95332f746eeba4e","52ece3cc74d387668b4de01af1e62e3b52b063899c3019add094e21b49965b8f"
"SYS-030","docs/04-operations/backup-restore.md","backup-restore.md",".md","Runbook de backup y prueba de restauración","narrative-document","development","repository","system","sin-version-explicita","vigente","2026-09-16T16:41:11-03:00","2026-09-16T16:41:11-03:00","Leandro @Thinkpad","git-tracked","yes","","","","","","","no","","267","49","1966","6","0","3","425c7f283adb0eb28b92dc88c95332f746eeba4e","8671d1e0cfd4169071a2e43fb7c157400997ea9588c0e4f658e6c588475add31"
"SYS-031","docs/04-operations/local-development.md","local-development.md",".md","Runbook de desarrollo local","narrative-document","development","repository","system","sin-version-explicita","vigente","2026-09-16T16:41:11-03:00","2026-09-16T16:41:11-03:00","Leandro @Thinkpad","git-tracked","yes","","","","","","","no","","293","61","2061","8","0","3","425c7f283adb0eb28b92dc88c95332f746eeba4e","cd7b89b46534073cb60fbdee713d6ec99cad2db6eec96e3464beb4274ca6abc4"
"SYS-032","docs/04-operations/rollback.md","rollback.md",".md","Runbook de rollback de staging","narrative-document","development","repository","system","sin-version-explicita","vigente","2026-09-16T16:41:11-03:00","2026-09-16T16:41:11-03:00","Leandro @Thinkpad","git-tracked","yes","","","","","","","no","","218","44","1544","6","0","1","425c7f283adb0eb28b92dc88c95332f746eeba4e","b12afb67612a246def1f94d3a1b710b457284275b5a69326b383107723ccff32"
"SYS-033","docs/04-operations/staging.md","staging.md",".md","Runbook de staging sintético","narrative-document","development","repository","system","sin-version-explicita","vigente","2026-09-16T16:41:11-03:00","2026-09-16T16:41:11-03:00","Leandro @Thinkpad","git-tracked","yes","","","","","","","no","","351","59","2505","8","0","2","425c7f283adb0eb28b92dc88c95332f746eeba4e","d338b33fa21ae785a73e3a66f40a19706da04c493831e95f574ddbee180173cb"
"SYS-034","docs/04-operations/verification.md","verification.md",".md","Runbook de verificación","narrative-document","development","repository","system","sin-version-explicita","vigente","2026-09-16T16:41:11-03:00","2026-09-16T16:41:11-03:00","Leandro @Thinkpad","git-tracked","yes","","","","","","","no","","270","57","1899","7","0","3","425c7f283adb0eb28b92dc88c95332f746eeba4e","0a0d617a39f9ed7709fe44f95c5b4e4a21ba46c980ec061a81e64df900ea88ee"
"SYS-035","docs/07-evidence/capability-matrix.md","capability-matrix.md",".md","Matriz de capacidades y evidencia","narrative-document","development","repository","system","sin-version-explicita","vigente","2026-09-16T16:41:11-03:00","2026-09-16T16:41:11-03:00","Leandro @Thinkpad","git-tracked","yes","","","","","","","no","","557","39","4541","2","1","0","425c7f283adb0eb28b92dc88c95332f746eeba4e","7d4112bcc440a8f459939b6b4ac59f370f3e76a923cdbe8b2245534d5c0bb322"
"SYS-036","docs/07-evidence/releases/2026-09-15/01-document-review-persistence.md","01-document-review-persistence.md",".md","Persistencia de revisión documental y corpus autorizado","verification-record","quality","verification","system","sin-version-explicita","historico","2026-09-16T16:41:11-03:00","2026-09-16T16:41:11-03:00","Leandro @Thinkpad","git-tracked","no","","","","","","","no","Conservar como evidencia histórica; no usar como contrato vigente.","1056","96","8394","9","7","0","425c7f283adb0eb28b92dc88c95332f746eeba4e","cf37a97782ef4ed72f6e1aca34781374d16248160c8b2ba14ff0ba99be1099e8"
"SYS-037","docs/07-evidence/releases/2026-09-15/02-document-pagination-and-history.md","02-document-pagination-and-history.md",".md","Paginación e historial documental","verification-record","quality","verification","system","sin-version-explicita","historico","2026-09-16T16:41:11-03:00","2026-09-16T16:41:11-03:00","Leandro @Thinkpad","git-tracked","no","","","","","","","no","Conservar como evidencia histórica; no usar como contrato vigente.","491","57","4183","8","3","0","425c7f283adb0eb28b92dc88c95332f746eeba4e","484f581de624b9866602f78b3bc9b0aec85559d5e965fcf036b4e9e109482073"
"SYS-038","docs/07-evidence/releases/2026-09-15/03-source-review-queue.md","03-source-review-queue.md",".md","Cola de revisión por fuente","verification-record","quality","verification","system","sin-version-explicita","historico","2026-09-16T16:41:11-03:00","2026-09-16T16:41:11-03:00","Leandro @Thinkpad","git-tracked","no","","","","","","","no","Conservar como evidencia histórica; no usar como contrato vigente.","424","46","3571","6","4","0","425c7f283adb0eb28b92dc88c95332f746eeba4e","f1884a1223b53469fd1b44ca5d40683e877a095376759074e9f09e8c182f4480"
"SYS-039","docs/07-evidence/releases/2026-09-15/04-document-analysis-dry-run.md","04-document-analysis-dry-run.md",".md","Analizador documental dry-run","verification-record","quality","verification","system","sin-version-explicita","historico","2026-09-16T16:41:11-03:00","2026-09-16T16:41:11-03:00","Leandro @Thinkpad","git-tracked","no","","","","","","","no","Conservar como evidencia histórica; no usar como contrato vigente.","321","42","2746","6","3","0","425c7f283adb0eb28b92dc88c95332f746eeba4e","8da9132e0cf4c8ce0692af6bf4f328d5d556a8069c4adc5ad25be4726c05d8a5"
"SYS-040","docs/07-evidence/releases/2026-09-16/01-assisted-findings.md","01-assisted-findings.md",".md","Hallazgos asistidos persistentes","verification-record","quality","verification","system","sin-version-explicita","historico","2026-09-16T16:41:11-03:00","2026-09-16T16:41:11-03:00","Leandro @Thinkpad","git-tracked","no","","","","","","","no","Conservar como evidencia histórica; no usar como contrato vigente.","394","49","3425","6","3","0","425c7f283adb0eb28b92dc88c95332f746eeba4e","0cc02c19893e4080581a537a83cfddbb5a66bcc102ccd41188bb5aef6d6a443e"
"SYS-041","docs/07-evidence/releases/2026-09-16/02-provenance-and-derivation.md","02-provenance-and-derivation.md",".md","Procedencia y derivación asistida","verification-record","quality","verification","system","sin-version-explicita","historico","2026-09-16T16:41:11-03:00","2026-09-16T16:41:11-03:00","Leandro @Thinkpad","git-tracked","no","","","","","","","no","Conservar como evidencia histórica; no usar como contrato vigente.","291","44","2445","6","3","0","425c7f283adb0eb28b92dc88c95332f746eeba4e","ba69647c243fb972114769df2360eee2e5c8dd22a566c1a1aeb0d5b40a22928f"
"SYS-042","docs/07-evidence/releases/2026-09-16/03-catalog-row-segmentation.md","03-catalog-row-segmentation.md",".md","Segmentación por ítem de catálogo","verification-record","quality","verification","system","sin-version-explicita","historico","2026-09-16T16:41:11-03:00","2026-09-16T16:41:11-03:00","Leandro @Thinkpad","git-tracked","no","","","","","","","no","Conservar como evidencia histórica; no usar como contrato vigente.","314","44","2584","6","3","0","425c7f283adb0eb28b92dc88c95332f746eeba4e","df18d5837306f5f9d7762239a84fd118678d9e05ef921dd549e63fa610b45081"
"SYS-043","docs/07-evidence/releases/2026-09-16/04-equipment-references.md","04-equipment-references.md",".md","Referencias de equipo y manual","verification-record","quality","verification","system","sin-version-explicita","historico","2026-09-16T16:41:11-03:00","2026-09-16T16:41:11-03:00","Leandro @Thinkpad","git-tracked","no","","","","","","","no","Conservar como evidencia histórica; no usar como contrato vigente.","248","41","2126","6","3","0","425c7f283adb0eb28b92dc88c95332f746eeba4e","24b28b960e678c24447fccd8fe426dc98ee21b5dd19dd711b8d2131bee499bd4"
"SYS-044","docs/07-evidence/releases/2026-09-16/05-ui-entity-slice.md","05-ui-entity-slice.md",".md","Vertical slice UI de entidades","verification-record","quality","verification","system","sin-version-explicita","historico","2026-09-16T16:41:11-03:00","2026-09-16T16:41:11-03:00","Leandro @Thinkpad","git-tracked","no","","","","","","","no","Conservar como evidencia histórica; no usar como contrato vigente.","733","56","5673","6","6","0","425c7f283adb0eb28b92dc88c95332f746eeba4e","3fc696cb8f7b34fcd0b10b831a352bec6843839e9eec7cf664ba55d191de85ea"
"SYS-045","docs/07-evidence/releases/2026-09-16/06-documentation-baseline.md","06-documentation-baseline.md",".md","Base y consolidación documental","verification-record","quality","verification","system","sin-version-explicita","historico","2026-09-16T16:41:11-03:00","2026-09-16T16:41:11-03:00","Leandro @Thinkpad","git-tracked","no","","","","","","","no","Conservar como evidencia histórica; no usar como contrato vigente.","698","69","5842","8","3","0","425c7f283adb0eb28b92dc88c95332f746eeba4e","f2fa639789853276becefddf18fd84ae5771e09eff2455509f13738201bfe637"
"SYS-046","docs/07-evidence/releases/2026-09-16/07-openapi-parity.md","07-openapi-parity.md",".md","ASTRA-DOC-001 paridad OpenAPI","verification-record","quality","verification","system","sin-version-explicita","historico","2026-09-16T16:41:11-03:00","2026-09-16T16:41:11-03:00","Leandro @Thinkpad","git-tracked","no","","","","","","","no","Conservar como evidencia histórica; no usar como contrato vigente.","923","74","6943","7","4","0","425c7f283adb0eb28b92dc88c95332f746eeba4e","dfcb8cd3f02d25db44f7e8b7df45f6475da2ead7d09c739dba2ce0e910b783b3"
"SYS-047","docs/07-evidence/releases/2026-09-16/08-documentation-archive-lots.md","08-documentation-archive-lots.md",".md","Consolidación y archivo documental","verification-record","quality","verification","system","sin-version-explicita","historico","2026-09-16T16:41:11-03:00","2026-09-16T16:41:11-03:00","Leandro @Thinkpad","git-tracked","no","","","","","","","no","Conservar como evidencia histórica; no usar como contrato vigente.","655","74","5463","11","3","0","425c7f283adb0eb28b92dc88c95332f746eeba4e","492e7d88212bf5fb9e8354bcca95725ed4ba8f56b985ba031b097a6882828a83"
"SYS-048","docs/07-evidence/releases/README.md","README.md",".md","Registros de evidencia por incremento","verification-record","quality","verification","system","sin-version-explicita","vigente","2026-09-16T16:41:11-03:00","2026-09-16T16:41:11-03:00","Leandro @Thinkpad","git-tracked","no","","","","","","","no","","193","29","1703","4","13","0","425c7f283adb0eb28b92dc88c95332f746eeba4e","475604564485a089981d344aadcb7ceed4a2c22d08cc6e28ac19699f0c7f9a02"
"SYS-049","docs/07-evidence/verification-index.md","verification-index.md",".md","Índice de evidencia verificable","narrative-document","development","repository","system","sin-version-explicita","vigente","2026-09-16T16:41:11-03:00","2026-09-16T16:41:11-03:00","Leandro @Thinkpad","git-tracked","yes","","","","","","","no","","302","31","2500","3","8","0","425c7f283adb0eb28b92dc88c95332f746eeba4e","e995b56e74fb86a05aed61f029658d345e03115557288d891a9bcb3e2ff8516c"
"SYS-050","docs/08-reference/environment-variables.md","environment-variables.md",".md","Variables de entorno y configuración","narrative-document","development","repository","system","sin-version-explicita","vigente","2026-09-16T16:41:11-03:00","2026-09-16T16:41:11-03:00","Leandro @Thinkpad","git-tracked","yes","","","","","","","no","","392","54","3142","5","1","0","425c7f283adb0eb28b92dc88c95332f746eeba4e","a48775ac5433dc047fd2efbf9f779d291292cf2ddc827919555b9a4449ccc8c0"
"SYS-051","docs/08-reference/openapi-parity.md","openapi-parity.md",".md","Paridad OpenAPI","narrative-document","development","repository","system","sin-version-explicita","vigente","2026-09-16T16:41:11-03:00","2026-09-16T16:41:11-03:00","Leandro @Thinkpad","git-tracked","yes","","","","","","","no","","362","53","2963","5","0","0","425c7f283adb0eb28b92dc88c95332f746eeba4e","fa3d420e3db1f8edef1373c4c9ec7991b366a27f1ed0bd028210520ed3fbc11d"
"SYS-052","docs/08-reference/permissions-matrix.md","permissions-matrix.md",".md","Matriz de permisos HTTP","narrative-document","development","repository","system","sin-version-explicita","vigente","2026-09-16T16:41:11-03:00","2026-09-16T16:41:11-03:00","Leandro @Thinkpad","git-tracked","yes","","","","","","","no","","514","72","3431","6","0","0","425c7f283adb0eb28b92dc88c95332f746eeba4e","77e1456ba601e82e6e84a1d25e916f70dd8b5e1bb7c5b9010493a3651fe3f0c1"
"SYS-053","docs/ADR-001-architecture.md","ADR-001-architecture.md",".md","ADR-001: piloto modular y entrega local","decision-record","architecture","cross-cutting","system","sin-version-explicita","vigente","2026-09-06T23:13:39-03:00","2026-09-06T23:13:39-03:00","Leandro @Thinkpad","git-tracked","yes","","","","","","","no","","148","9","986","1","0","0","f0f90b304972f6d123c68c381e2d2508aa378458","77f5dc05da07f45bf71d2fe99e37c3ca04d938a1ee755e4c9011d874508303bb"
"SYS-054","docs/ADR-002-document-review.md","ADR-002-document-review.md",".md","ADR-002 — Revisión documental persistente","decision-record","architecture","cross-cutting","system","sin-version-explicita","vigente","2026-09-15T09:54:06-03:00","2026-09-15T09:54:06-03:00","Leandro @Thinkpad","git-tracked","yes","","","","","","","no","","215","10","1637","1","0","0","52b1220fd2d304d097d05673780461db2b014784","a3b4e950a1ccae2d826851a7863015709d0618f9223baf3dc9d17a6b04896bb4"
"SYS-055","docs/AGENT-OPERATING-MODEL.md","AGENT-OPERATING-MODEL.md",".md","ASTRA Agent Operating Model v1","narrative-document","development","repository","system","v1","vigente","2026-09-08T21:29:48-03:00","2026-09-08T21:39:59-03:00","Leandro @Thinkpad","git-tracked","yes","","","","","","","no","","575","117","4135","15","0","0","a3ab8b29b831ac0fd83ffbeb1265c871b078061d","5c66671d45ef42103d80d6e7a3db71310640bdc263338a5aadb71b49a1b49e28"
"SYS-056","docs/AGENT-TASK-TEMPLATE.md","AGENT-TASK-TEMPLATE.md",".md","ASTRA-XXX — Agent task","narrative-document","development","repository","system","sin-version-explicita","vigente","2026-09-08T21:29:56-03:00","2026-09-08T21:29:56-03:00","Leandro Guevara","git-tracked","no","","","","","","","no","","175","62","1148","11","0","0","a36a0052611f643fc767ee649eb51360eb3d0e8c","46d34e7c5d26ee997590907994b0622796320299a34c58948f8a08aa7760bf84"
"SYS-057","docs/API-CONTRACT.md","API-CONTRACT.md",".md","API v1 contract (shared between worktrees)","contract","architecture","api","system","v1","vigente","2026-09-06T22:30:02-03:00","2026-09-16T00:19:51-03:00","Leandro @Thinkpad","git-tracked","yes","","","","","apps/api/src/app.ts;apps/api/src/document-review.ts","","no","","1227","73","9510","6","0","0","35e06ed2b8045b73d278af3a5d4118faa1216bad","86263b3ee4b8afab068dbe85478fb2840e14fe9a6afe64e2ff8256df28dd1e0b"
"SYS-058","docs/AUTONOMOUS-DEVELOPMENT.md","AUTONOMOUS-DEVELOPMENT.md",".md","Avance autónomo de desarrollo","plan","planning","roadmap","system","sin-version-explicita","vigente","2026-09-15T20:56:50-03:00","2026-09-15T20:56:50-03:00","Leandro @Thinkpad","git-tracked","no","","","","","","","no","","286","26","2100","4","1","0","54beabe7f8d25f306c9ab38c781df3c972a033d8","7e6119ae5e24172fd3d14c08d58deb164e71ac7b9e1dcd92626c7efd650bdf21"
"SYS-059","docs/CORPUS-ANALYSIS.md","CORPUS-ANALYSIS.md",".md","Análisis del corpus técnico — 2026-09-15","design-or-evidence","technical-information","document-intelligence","system","sin-version-explicita","parcialmente-vigente","2026-09-15T09:54:06-03:00","2026-09-15T16:33:58-03:00","Leandro @Thinkpad","git-tracked","no","","","","","","","yes-reference-only","","405","46","3046","5","0","0","62fc7acd578cac9cfb9a7c33f3f20c3c4e1779a6","f192d37c505ca8cb36a5fcc7714c74f70386d135e3df7c6d85220f2f4f9cdf39"
"SYS-060","docs/CURRENT-STATUS.md","CURRENT-STATUS.md",".md","Estado actual de ASTRA","narrative-document","development","repository","system","sin-version-explicita","vigente","2026-09-16T16:41:11-03:00","2026-09-16T16:41:11-03:00","Leandro @Thinkpad","git-tracked","yes","","","","","","","no","","407","49","3275","6","1","0","425c7f283adb0eb28b92dc88c95332f746eeba4e","33c63f1438dc6007a9a0b34ca4293c65220155931c227c93da59e96e1aa39fc3"
"SYS-061","docs/DEFINITION-OF-DONE.md","DEFINITION-OF-DONE.md",".md","ASTRA Definition of Done — multi-agent work","narrative-document","development","repository","system","sin-version-explicita","vigente","2026-09-08T21:30:07-03:00","2026-09-08T21:30:07-03:00","Leandro Guevara","git-tracked","yes","","","","","","","no","","214","30","1559","6","0","0","bf7829a2fdd91ea23587ff2183bc71298d24fc21","704362cf4461634c22a624c35ab0eaafdf97cb4d97946bb0471e0c3785f79d42"
"SYS-062","docs/DOCUMENT-AI-REVIEW-PLAN.md","DOCUMENT-AI-REVIEW-PLAN.md",".md","Plan intensivo de revisión automática documental","design-or-evidence","technical-information","document-intelligence","system","sin-version-explicita","parcialmente-vigente","2026-09-15T23:02:24-03:00","2026-09-16T16:41:11-03:00","Leandro @Thinkpad","git-tracked","no","","","","","","","yes-reference-only","","886","131","6815","9","1","1","425c7f283adb0eb28b92dc88c95332f746eeba4e","8f17e2c0183773e5c63bb08d9db866614147a0d157336f2dcb78a831abc6de82"
"SYS-063","docs/GITHUB-CONTROLS.md","GITHUB-CONTROLS.md",".md","GitHub: delivery controls","narrative-document","development","repository","system","sin-version-explicita","vigente","2026-09-06T23:13:39-03:00","2026-09-06T23:13:39-03:00","Leandro @Thinkpad","git-tracked","no","","","","","","","no","","126","8","921","1","0","0","f0f90b304972f6d123c68c381e2d2508aa378458","d03b1b3c073ca97f225fd6e5e656966de47de66f667976ed60768b7466f07a99"
"SYS-064","docs/HANDOFF.md","HANDOFF.md",".md","Registro de handoff — actualizado 2026-09-16","handoff","development","coordination","system","sin-version-explicita","vigente","2026-09-06T22:30:02-03:00","2026-09-16T16:41:11-03:00","Leandro @Thinkpad","git-tracked","yes","","","","","","","no","","338","37","3733","4","16","0","425c7f283adb0eb28b92dc88c95332f746eeba4e","bfd20faab6a25d7b92dfe978bf048f6ff9eb318bcf8628569c49c272f5048a89"
"SYS-065","docs/NEXT-TASK.md","NEXT-TASK.md",".md","Próximo trabajo","plan","planning","roadmap","system","sin-version-explicita","parcialmente-vigente","2026-09-06T23:13:39-03:00","2026-09-16T16:41:11-03:00","Leandro @Thinkpad","git-tracked","no","","","","","","","no","","321","41","2473","5","1","0","425c7f283adb0eb28b92dc88c95332f746eeba4e","82d34d47941bfcfbeaa31b9c064ff415cf8eb96cb1b16a37dd643b5fe16f9b86"
"SYS-066","docs/OPERATIONS.md","OPERATIONS.md",".md","Operaciones del piloto","operations","operations","deployment","system","sin-version-explicita","vigente","2026-09-06T23:13:39-03:00","2026-09-16T16:41:11-03:00","Leandro @Thinkpad","git-tracked","yes","","","","","","","no","","253","34","1821","6","5","0","425c7f283adb0eb28b92dc88c95332f746eeba4e","6976a1497037456ac343020e3cc7bc561a2669a0e5a54e9f109c1bb3af9ea335"
"SYS-067","docs/PLAN-STATUS.md","PLAN-STATUS.md",".md","Estado de las 84 tareas propuestas — 2026-09-16","plan","planning","roadmap","system","sin-version-explicita","parcialmente-vigente","2026-09-15T09:54:06-03:00","2026-09-15T21:05:53-03:00","Leandro @Thinkpad","git-tracked","no","","","","","","","no","","1619","95","13488","1","1","0","6d2c7c89f7cd218b2bd8fa2a83bea6b558edf39a","30ea86768894b7149313b61f00cfed6eeeccecf49eb7d41827f5bdc4dc6a509c"
"SYS-068","docs/PRODUCT.md","PRODUCT.md",".md","Producto piloto","product-contract","product","preventive-maintenance","system","sin-version-explicita","vigente","2026-09-06T22:30:02-03:00","2026-09-10T22:37:06-03:00","Leandro @Thinkpad","git-tracked","yes","","","","","","","no","","143","8","1051","1","0","0","a3c234992cc445b966b3805f6289dd4a0cc974bf","6505e00bb435c26ee4fc5f44347b4790a68e035676bc292e1d685efb0d97387b"
"SYS-069","docs/README.md","README.md",".md","Documentación de ASTRA","readme","overview","onboarding","system","sin-version-explicita","vigente","2026-09-16T16:41:11-03:00","2026-09-16T16:41:11-03:00","Leandro @Thinkpad","git-tracked","yes","","","","","","","no","","540","59","4663","5","35","0","425c7f283adb0eb28b92dc88c95332f746eeba4e","36145eac6b88fe13dd304a679a83741b379d7874859e73ab3ea523c85ad5ce4d"
"SYS-070","docs/ROADMAP-EXTENDED.md","ROADMAP-EXTENDED.md",".md","ASTRA — Plan maestro ampliado y continuidad","plan","planning","roadmap","system","sin-version-explicita","parcialmente-vigente","2026-09-06T23:13:39-03:00","2026-09-16T16:41:11-03:00","Leandro @Thinkpad","git-tracked","no","","","","","","","no","","1525","104","11139","12","0","0","425c7f283adb0eb28b92dc88c95332f746eeba4e","70ebf6911ffd763767098a3efb58d52fe152de32c1bff8e75f89ca09b4ff6c38"
"SYS-071","docs/TECHNICAL-REFERENCE.md","TECHNICAL-REFERENCE.md",".md","Referencias técnicas — estado de incorporación","design-or-evidence","technical-information","document-intelligence","system","sin-version-explicita","parcialmente-vigente","2026-09-06T23:13:39-03:00","2026-09-06T23:13:39-03:00","Leandro @Thinkpad","git-tracked","no","","","","","","","yes-reference-only","","329","24","2583","4","0","0","f0f90b304972f6d123c68c381e2d2508aa378458","7eb2f165c04ec156ea891b6adff68ddf51031d332832d8f02471a3805334272e"
"SYS-072","docs/UI-ARCHITECTURE-MIGRATION-PLAN.md","UI-ARCHITECTURE-MIGRATION-PLAN.md",".md","Arquitectura UI y plan de migración progresiva","design-plan","frontend","ui","system","sin-version-explicita","parcialmente-vigente","2026-09-16T00:51:28-03:00","2026-09-16T16:41:11-03:00","Leandro @Thinkpad","git-tracked","no","","","","","","","no","","4641","661","38029","47","0","6","425c7f283adb0eb28b92dc88c95332f746eeba4e","866948473038a710b53e9e1ceff244027e3db1db20559bbf49e08cbf0b92ea52"
"SYS-073","docs/VERIFICATION.md","VERIFICATION.md",".md","Verificación de ASTRA Maintenance","verification-record","quality","verification","system","sin-version-explicita","vigente","2026-09-06T23:13:39-03:00","2026-09-16T16:41:11-03:00","Leandro @Thinkpad","git-tracked","yes","","","","","","","no","","250","30","1836","5","3","0","425c7f283adb0eb28b92dc88c95332f746eeba4e","a9e8cb8ca8bfeb14af50a3cbc33c390b07698a1c20ee26184d385cce4063a857"
"SYS-074","docs/archive/README.md","README.md",".md","Archivo documental","readme","overview","onboarding","system","sin-version-explicita","vigente","2026-09-16T16:41:11-03:00","2026-09-16T16:41:11-03:00","Leandro @Thinkpad","git-tracked","yes","","","","","","","no","","218","50","1617","5","0","1","425c7f283adb0eb28b92dc88c95332f746eeba4e","7e3ee31e54ec1028fd27e5d958d282fb22cced9f45d0364320ecaece24da07be"
"SYS-075","docs/archive/tasks/ASTRA-006.md","ASTRA-006.md",".md","ASTRA-006 — Inteligencia documental conservadora","design-or-evidence","technical-information","document-intelligence","system","sin-version-explicita","historico","2026-09-11T00:34:18-03:00","2026-09-16T16:41:11-03:00","Leandro @Thinkpad","git-tracked","no","","","","","","","yes-reference-only","Conservar como evidencia histórica; no usar como contrato vigente.","248","28","1929","4","3","1","425c7f283adb0eb28b92dc88c95332f746eeba4e","ced12299cdf7fba668d030015464710286a1e73b9da70490de00a98eefd3174b"
"SYS-076","docs/archive/tasks/ASTRA-007-REVIEW.md","ASTRA-007-REVIEW.md",".md","ASTRA-007 — Revisión humana priorizada del corpus","design-or-evidence","technical-information","document-intelligence","system","sin-version-explicita","historico","2026-09-11T01:14:54-03:00","2026-09-16T16:41:11-03:00","Leandro @Thinkpad","git-tracked","no","","","","","","","yes-reference-only","Conservar como evidencia histórica; no usar como contrato vigente.","436","40","3283","5","2","0","425c7f283adb0eb28b92dc88c95332f746eeba4e","2700a36dfae2b456c6a050559c15fc15bafbd924af98b77839218aa4b806353b"
"SYS-077","docs/archive/tasks/ASTRA-007.md","ASTRA-007.md",".md","ASTRA-007 — Dry-run de candidatos con procedencia","design-or-evidence","technical-information","document-intelligence","system","sin-version-explicita","historico","2026-09-11T01:02:38-03:00","2026-09-16T16:41:11-03:00","Leandro @Thinkpad","git-tracked","no","","","","","","","yes-reference-only","Conservar como evidencia histórica; no usar como contrato vigente.","328","34","2398","5","3","1","425c7f283adb0eb28b92dc88c95332f746eeba4e","be855c6910eb4696da5e058dc74966261226722c04dc383615f298d0b3130321"
"SYS-078","docs/archive/tasks/TASK-ASTRA-001.md","TASK-ASTRA-001.md",".md","ASTRA-001: circuito preventivo","narrative-document","development","repository","system","sin-version-explicita","historico","2026-09-06T23:13:39-03:00","2026-09-16T16:41:11-03:00","Leandro @Thinkpad","git-tracked","no","","","","","","","no","Conservar como evidencia histórica; no usar como contrato vigente.","149","13","1180","1","3","0","425c7f283adb0eb28b92dc88c95332f746eeba4e","8429509348986e1512c546d5b7e2598bd9972bacdb4002087bd3ea2e451436ef"
"SYS-079","docs/documentation-audit/ARCHIVE-MIGRATION-PLAN.md","ARCHIVE-MIGRATION-PLAN.md",".md","Plan de migración al archivo","narrative-document","development","repository","system","sin-version-explicita","parcialmente-vigente","2026-09-16T16:41:11-03:00","2026-09-16T16:41:11-03:00","Leandro @Thinkpad","git-tracked","no","","","","","","","no","","383","51","3100","7","2","0","425c7f283adb0eb28b92dc88c95332f746eeba4e","57c5ab74146648d43fb15cca1538fefae5dba1648c6516a8f5f27422bbc2f66d"
"SYS-080","docs/documentation-audit/CONFLICTS-AND-GAPS.md","CONFLICTS-AND-GAPS.md",".md","Conflictos, vigencia y conocimiento implícito","narrative-document","development","repository","system","sin-version-explicita","vigente","2026-09-16T16:41:11-03:00","2026-09-16T16:41:11-03:00","Leandro @Thinkpad","git-tracked","no","","","","","","","no","","1000","102","7760","13","0","0","425c7f283adb0eb28b92dc88c95332f746eeba4e","0075348d010a6de0d137c40ff0a534c711a92fda3df26989528910c59191e3ca"
"SYS-081","docs/documentation-audit/GLOSSARY.md","GLOSSARY.md",".md","Glosario canónico inicial","narrative-document","development","repository","system","sin-version-explicita","vigente","2026-09-16T16:41:11-03:00","2026-09-16T16:41:11-03:00","Leandro @Thinkpad","git-tracked","no","","","","","","","no","","461","35","3955","1","0","0","425c7f283adb0eb28b92dc88c95332f746eeba4e","3b102ac2b0584ed6afb91957c3fe4907f00b71de875639456dc749c3c2053000"
"SYS-082","docs/documentation-audit/LOT-3-EXTRACTION-DESIGN.md","LOT-3-EXTRACTION-DESIGN.md",".md","Diseño de extracción del lote 3","narrative-document","development","repository","system","sin-version-explicita","parcialmente-vigente","2026-09-16T16:41:11-03:00","2026-09-16T16:41:11-03:00","Leandro @Thinkpad","git-tracked","no","","","","","","","no","","1144","169","9194","12","0","2","425c7f283adb0eb28b92dc88c95332f746eeba4e","7faba50091d90cc4ee5a90631e08be51b853876530e174ad21b9ccf0e5927db7"
"SYS-083","docs/documentation-audit/README.md","README.md",".md","Auditoría documental integral — base ASTRA siguiente versión","readme","overview","onboarding","system","sin-version-explicita","vigente","2026-09-16T16:41:11-03:00","2026-09-16T16:41:11-03:00","Leandro @Thinkpad","git-tracked","no","","","","","","","no","","962","91","7349","10","0","1","425c7f283adb0eb28b92dc88c95332f746eeba4e","da53ee536f19490bf0e0350a5d930bfb4d798bd222c3965d4eca45adc8ef50b0"
"SYS-084","docs/documentation-audit/TARGET-ARCHITECTURE.md","TARGET-ARCHITECTURE.md",".md","Arquitectura documental objetivo","narrative-document","development","repository","system","sin-version-explicita","vigente","2026-09-16T16:41:11-03:00","2026-09-16T16:41:11-03:00","Leandro @Thinkpad","git-tracked","no","","","","","","","no","","490","135","4509","7","0","3","425c7f283adb0eb28b92dc88c95332f746eeba4e","ea14c2cd74397c1ba628c1af56ae94a62be20b0121ec1094652cbcf2a253b6fe"
"SYS-085","foundation-version.json","foundation-version.json",".json","foundation-version","configuration","development","repository","system","sin-version-explicita","vigente","2026-09-06T22:30:02-03:00","2026-09-06T22:30:02-03:00","Leandro @Thinkpad","git-tracked","no","","","","","","","no","","6","6","62","0","0","0","eaa90d53df0832e5c3e5aa3a546fbf727b9f1a4c","2af738e440ee258a585e60dcf0fa8e8823865e7ff798c1e234ae5deb9fe23c0d"
"SYS-086","images.lock.json","images.lock.json",".json","images.lock","operations","operations","deployment","system","sin-version-explicita","vigente","2026-09-06T23:13:39-03:00","2026-09-06T23:13:39-03:00","Leandro @Thinkpad","git-tracked","no","","","","","","","no","","17","6","324","0","0","0","f0f90b304972f6d123c68c381e2d2508aa378458","a67dc698daa09feefc9c1e636bec012115ecd5d211f0c2232b8d125a75ffa24d"
"SYS-087","package-lock.json","package-lock.json",".json","package-lock","configuration","development","repository","system","sin-version-explicita","vigente","2026-09-06T23:13:39-03:00","2026-09-09T01:02:09Z","dependabot[bot]","git-tracked","no","","","","","","","no","","12079","4231","145462","0","392","0","692e900c40c9bcb64fdb5959c551e1682af47d31","a08a71383c8c60ac545655e38e8ef5dceb29bf2585242f7596fe5b188fae87de"
"SYS-088","package.json","package.json",".json","package","configuration","development","repository","system","sin-version-explicita","vigente","2026-09-06T22:30:02-03:00","2026-09-15T23:02:24-03:00","Leandro @Thinkpad","git-tracked","no","","","","","","","no","","108","34","958","0","0","0","529bbc042d4ab501177bc7785a391aa448b2aef4","6ff1728f6bf959cfc2a969a048007c7a1a653ca99ea2d9b7c706e3fe2367fd38"
"SYS-089","prisma/migrations/20260907010000_initial/migration.sql","migration.sql",".sql","migration","migration","data","persistence","system","sin-version-explicita","vigente","2026-09-06T23:00:29-03:00","2026-09-06T23:00:29-03:00","Leandro @Thinkpad","git-tracked","no","","","","","","","no","","1103","300","9341","0","0","0","d565842af8387fa0068cdc4022ff22a2f1427739","1cc771fcd02f5d0f5a20dd3ea3c9b40fdfab6dcb9f735f290a1604362bb79e90"
"SYS-090","prisma/migrations/20260907010100_invariants/migration.sql","migration.sql",".sql","migration","migration","data","persistence","system","sin-version-explicita","vigente","2026-09-06T23:00:29-03:00","2026-09-06T23:00:29-03:00","Leandro @Thinkpad","git-tracked","no","","","","","","","no","","421","51","3566","0","0","0","d565842af8387fa0068cdc4022ff22a2f1427739","436b243e1130d979c36e5b54adb1d0d61ca9d66acc914a2cbe8a5accaafcf307"
"SYS-091","prisma/migrations/20260907010200_one_open_order/migration.sql","migration.sql",".sql","migration","migration","data","persistence","system","sin-version-explicita","vigente","2026-09-06T23:00:29-03:00","2026-09-06T23:00:29-03:00","Leandro @Thinkpad","git-tracked","no","","","","","","","no","","29","3","203","0","0","0","d565842af8387fa0068cdc4022ff22a2f1427739","5b3f8944f4d906758d2671a14feca19cc567d8450aa6d64c18a85758fe1a818a"
"SYS-092","prisma/migrations/20260915093000_document_review/migration.sql","migration.sql",".sql","migration","migration","data","persistence","system","sin-version-explicita","vigente","2026-09-15T09:54:06-03:00","2026-09-15T09:54:06-03:00","Leandro @Thinkpad","git-tracked","no","","","","","","","no","","198","22","1716","0","0","0","52b1220fd2d304d097d05673780461db2b014784","f77b078d7297a7be08c2d4c732f195eca6c4b19c27a80e2eaf5f14051945db90"
"SYS-093","prisma/migrations/20260916021000_document_analysis_findings/migration.sql","migration.sql",".sql","migration","migration","data","persistence","system","sin-version-explicita","vigente","2026-09-15T23:20:07-03:00","2026-09-15T23:20:07-03:00","Leandro @Thinkpad","git-tracked","no","","","","","","","no","","239","46","2303","0","0","0","123076ac734bb53464be160a2ff96800ab554f0b","db4651f0621ce342980a92f420b2322e78d4a45ecb0e165b6f6568cd37099a3a"
"SYS-094","prisma/migrations/migration_lock.toml","migration_lock.toml",".toml","migration_lock","migration","data","persistence","system","sin-version-explicita","vigente","2026-09-06T23:00:29-03:00","2026-09-06T23:00:29-03:00","Leandro @Thinkpad","git-tracked","no","","","","","","","no","","2","2","24","0","0","0","d565842af8387fa0068cdc4022ff22a2f1427739","1db17a8d051aa136110736752c5e1f8b7ed92b6ea8e803112fbbe2497047c210"
"SYS-095","prisma/schema.prisma","schema.prisma",".prisma","schema","schema","data","persistence","system","sin-version-explicita","vigente","2026-09-06T23:00:29-03:00","2026-09-15T23:20:07-03:00","Leandro @Thinkpad","git-tracked","yes","","","","","apps/api/src/**","","no","","793","298","8110","0","0","0","123076ac734bb53464be160a2ff96800ab554f0b","2a963e89659b006ad7182e9bc32f9ba5d72a50d9e7d9bed427c4cf4f789f2b0c"
"SYS-096","scripts/Database-Fingerprint.sql","Database-Fingerprint.sql",".sql","Database-Fingerprint","configuration","development","repository","system","sin-version-explicita","vigente","2026-09-06T23:27:17-03:00","2026-09-06T23:27:17-03:00","Leandro @Thinkpad","git-tracked","no","","","","","","","no","","73","10","531","0","0","0","a75a5a700cfbc04e2f0b46cf56e41d1ce59c9861","21820ce481859b0c57c1dc629c2cf8e732642af61a5dbae0867fc51f18907242"
"SYS-097","tsconfig.base.json","tsconfig.base.json",".json","tsconfig.base","configuration","development","repository","system","sin-version-explicita","vigente","2026-09-06T22:30:02-03:00","2026-09-06T22:30:02-03:00","Leandro @Thinkpad","git-tracked","no","","","","","","","no","","17","14","269","0","0","0","eaa90d53df0832e5c3e5aa3a546fbf727b9f1a4c","21a8d08c8de5adcd57804e0e48fff3bff196705fc7c3282b8cbe8482a33599d6"
